Time,Press,Temp,Dewpt,RH,Ucmp,Vcmp,spd,dir,Wcm, Lon,Lat,Ele,Azi,Alt, Qp,Qt,Qr, Qu,Qv,Qd
   0.0,  975.1,  17.2,   8.6,  56.9,    9.0,    7.5,  11.7, 230.0, 999.0,  -63.726, -29.905, 999.0, 999.0,   341.0,  1.0,  1.0,  1.0,  1.0,  1.0,  9.0
9999.0,  975.0, 999.0, 999.0, 999.0, 9999.0, 9999.0, 999.0, 999.0, 999.0, 9999.000, 999.000, 999.0, 999.0, 99999.0, 99.0,  9.0,  9.0,  9.0,  9.0,  9.0
   7.1,  970.0,  17.0,   8.1,  55.6,    5.3,   10.4,  11.7, 206.8,   6.0,  -63.726, -29.905, 999.0, 999.0,   385.9,  1.0,  1.0,  1.0,  1.0,  1.0, 99.0
  14.2,  965.0,  16.8,   7.5,  54.3,    0.8,   11.7,  11.7, 183.9,   5.5,  -63.726, -29.905, 999.0, 999.0,   429.9,  1.0,  1.0,  1.0,  1.0,  1.0, 99.0
  20.4,  960.0,  16.4,   7.5,  55.6,    0.8,   11.7,  11.8, 183.7,   8.0,  -63.726, -29.904, 999.0, 999.0,   474.6,  1.0,  1.0,  1.0,  1.0,  1.0, 99.0
  27.4,  955.0,  16.0,   7.4,  56.5,    0.7,   12.7,  12.8, 183.1,   5.1,  -63.726, -29.903, 999.0, 999.0,   519.1,  1.0,  1.0,  1.0,  1.0,  1.0, 99.0
  35.4,  950.0,  15.6,   7.5,  58.3,    0.3,   14.0,  14.0, 181.2,   7.5,  -63.726, -29.902, 999.0, 999.0,   563.6,  1.0,  1.0,  1.0,  1.0,  1.0, 99.0
  42.4,  945.0,  15.3,   7.5,  59.8,    0.5,   14.6,  14.6, 182.0,   7.0,  -63.726, -29.902, 999.0, 999.0,   607.8,  1.0,  1.0,  1.0,  1.0,  1.0, 99.0
  48.9,  940.0,  14.8,   7.5,  61.4,    0.8,   15.3,  15.4, 183.0,   7.0,  -63.726, -29.901, 999.0, 999.0,   653.6,  1.0,  1.0,  1.0,  1.0,  1.0, 99.0
  55.1,  935.0,  14.4,   7.5,  63.0,    0.7,   16.0,  16.0, 182.5,   6.5,  -63.726, -29.900, 999.0, 999.0,   698.4,  1.0,  1.0,  1.0,  1.0,  1.0, 99.0
  61.6,  930.0,  14.0,   7.5,  64.8,    0.6,   16.5,  16.5, 182.1,   6.5,  -63.726, -29.899, 999.0, 999.0,   744.2,  1.0,  1.0,  1.0,  1.0,  1.0, 99.0
  69.0,  925.0,  13.8,   8.0,  68.0,   -0.3,   16.9,  16.9, 179.0,   4.0,  -63.726, -29.898, 999.0, 999.0,   789.0,  2.0,  1.0,  1.0,  1.0,  1.0, 99.0
  76.3,  920.0,  13.7,   8.8,  72.5,   -1.5,   16.7,  16.7, 174.7,   5.5,  -63.726, -29.897, 999.0, 999.0,   834.8,  1.0,  1.0,  1.0,  1.0,  1.0, 99.0
  83.8,  915.0,  13.5,   9.3,  75.7,   -3.0,   15.2,  15.5, 169.0,   6.0,  -63.726, -29.895, 999.0, 999.0,   881.1,  1.0,  1.0,  1.0,  1.0,  1.0, 99.0
  91.0,  910.0,  13.6,  10.2,  80.3,   -4.4,   13.5,  14.2, 161.9,   6.0,  -63.726, -29.894, 999.0, 999.0,   927.0,  1.0,  1.0,  1.0,  1.0,  1.0, 99.0
  99.1,  905.0,  13.2,  10.2,  81.8,   -5.3,   11.3,  12.5, 154.8,   7.0,  -63.726, -29.894, 999.0, 999.0,   973.9,  1.0,  1.0,  1.0,  1.0,  1.0, 99.0
 106.6,  900.0,  13.7,  11.3,  85.3,   -5.9,    9.3,  11.0, 147.4,   6.0,  -63.727, -29.893, 999.0, 999.0,  1020.7,  1.0,  1.0,  1.0,  1.0,  1.0, 99.0
 114.7,  895.0,  14.2,  11.9,  86.3,   -6.1,    7.6,   9.7, 141.4,   6.5,  -63.727, -29.892, 999.0, 999.0,  1067.6,  1.0,  1.0,  1.0,  1.0,  1.0, 99.0
 122.5,  890.0,  14.4,  11.4,  82.4,   -6.5,    6.0,   8.9, 132.5,   5.5,  -63.728, -29.892, 999.0, 999.0,  1114.7,  1.0,  1.0,  1.0,  1.0,  1.0, 99.0
 130.7,  885.0,  14.5,  10.6,  77.4,   -7.0,    4.6,   8.4, 123.1,   5.5,  -63.728, -29.891, 999.0, 999.0,  1162.0,  1.0,  1.0,  1.0,  1.0,  1.0, 99.0
 139.0,  880.0,  14.4,   9.7,  73.3,   -7.1,    3.0,   7.7, 113.0,   6.0,  -63.729, -29.891, 999.0, 999.0,  1210.2,  1.0,  1.0,  1.0,  1.0,  1.0, 99.0
 147.3,  875.0,  14.4,   8.9,  69.5,   -7.2,    1.5,   7.4, 101.5,   5.0,  -63.730, -29.891, 999.0, 999.0,  1258.7,  1.0,  1.0,  1.0,  1.0,  1.0, 99.0
 155.3,  870.0,  14.0,   8.3,  68.6,   -6.6,    0.6,   6.6,  95.2,   5.5,  -63.730, -29.891, 999.0, 999.0,  1307.3,  1.0,  1.0,  1.0,  1.0,  1.0, 99.0
 163.6,  865.0,  13.6,   8.1,  69.5,   -5.9,    0.0,   5.9,  90.2,   7.0,  -63.731, -29.891, 999.0, 999.0,  1356.0,  1.0,  1.0,  1.0,  1.0,  1.0, 99.0
 172.2,  860.0,  13.2,   8.0,  70.9,   -5.2,   -0.5,   5.2,  84.2,   5.0,  -63.731, -29.891, 999.0, 999.0,  1405.0,  1.0,  1.0,  1.0,  1.0,  1.0, 99.0
 181.2,  855.0,  12.8,   7.9,  72.0,   -5.0,   -1.8,   5.3,  70.3,   5.0,  -63.732, -29.891, 999.0, 999.0,  1454.0,  1.0,  1.0,  1.0,  1.0,  1.0, 99.0
 190.0,  850.0,  13.1,   7.4,  68.5,   -5.6,   -3.3,   6.5,  59.5,   5.0,  -63.732, -29.891, 999.0, 999.0,  1500.0,  1.0,  1.0,  1.0,  1.0,  1.0, 99.0
 200.0,  845.0,  14.2,   6.5,  60.0,   -6.4,   -5.6,   8.5,  48.8,   4.5,  -63.733, -29.892, 999.0, 999.0,  1553.0,  1.0,  1.0,  1.0,  1.0,  1.0, 99.0
 210.0,  840.0,  14.6,   6.2,  57.0,   -7.0,   -7.5,  10.3,  43.0,   4.5,  -63.734, -29.892, 999.0, 999.0,  1602.0,  1.0,  1.0,  1.0,  1.0,  1.0, 99.0
 219.8,  835.0,  15.1,   3.5,  45.7,   -6.5,   -9.0,  11.1,  36.0,   6.0,  -63.734, -29.893, 999.0, 999.0,  1653.9,  1.0,  1.0,  1.0,  1.0,  1.0, 99.0
 229.4,  830.0,  14.6,   5.3,  53.5,   -5.8,   -9.9,  11.5,  30.1,   5.0,  -63.735, -29.894, 999.0, 999.0,  1704.0,  1.0,  1.0,  1.0,  1.0,  1.0, 99.0
 239.6,  825.0,  14.6,   4.7,  51.4,   -4.8,  -10.2,  11.3,  25.4,   5.0,  -63.736, -29.895, 999.0, 999.0,  1755.8,  1.0,  1.0,  1.0,  1.0,  1.0, 99.0
 249.1,  820.0,  14.7,   4.0,  48.6,   -4.2,   -9.8,  10.7,  23.1,   5.5,  -63.736, -29.896, 999.0, 999.0,  1807.0,  1.0,  1.0,  1.0,  1.0,  1.0, 99.0
 260.0,  815.0,  14.5,   4.4,  50.6,   -4.6,   -9.4,  10.5,  26.1,   5.0,  -63.736, -29.897, 999.0, 999.0,  1858.0,  1.0,  1.0,  1.0,  1.0,  1.0, 99.0
 270.0,  810.0,  14.7,   5.8,  55.1,   -4.9,   -9.3,  10.5,  27.8,   6.0,  -63.737, -29.898, 999.0, 999.0,  1911.0,  1.0,  1.0,  1.0,  1.0,  1.0, 99.0
 279.8,  805.0,  14.6,   5.6,  54.8,   -4.6,   -9.3,  10.4,  26.3,   5.0,  -63.736, -29.898, 999.0, 999.0,  1962.1,  1.0,  1.0,  1.0,  1.0,  1.0, 99.0
 289.6,  800.0,  14.2,   5.3,  54.9,   -4.1,   -9.1,  10.0,  24.4,   5.5,  -63.738, -29.899, 999.0, 999.0,  2015.0,  1.0,  1.0,  1.0,  1.0,  1.0, 99.0
 300.9,  795.0,  13.8,   5.2,  56.1,   -4.2,   -8.8,   9.8,  25.4,   3.5,  -63.738, -29.900, 999.0, 999.0,  2068.0,  1.0,  1.0,  1.0,  1.0,  1.0, 99.0
 311.8,  790.0,  13.3,   4.9,  56.8,   -4.8,   -8.6,   9.8,  29.1,   4.5,  -63.739, -29.901, 999.0, 999.0,  2121.0,  1.0,  1.0,  1.0,  1.0,  1.0, 99.0
 322.4,  785.0,  12.8,   4.8,  58.2,   -5.0,   -8.7,  10.0,  29.9,   5.5,  -63.739, -29.902, 999.0, 999.0,  2175.0,  1.0,  1.0,  1.0,  1.0,  1.0, 99.0
 332.0,  780.0,  12.3,   4.6,  59.2,   -5.2,   -8.6,  10.0,  31.2,   5.5,  -63.740, -29.903, 999.0, 999.0,  2228.0,  1.0,  1.0,  1.0,  1.0,  1.0, 99.0
 342.1,  775.0,  11.9,   4.6,  60.8,   -5.0,   -8.3,   9.7,  31.0,   4.7,  -63.740, -29.903, 999.0, 999.0,  2282.7,  1.0,  1.0,  1.0,  1.0,  1.0, 99.0
 353.6,  770.0,  11.5,   4.4,  61.4,   -4.9,   -7.8,   9.2,  32.4,   4.5,  -63.741, -29.904, 999.0, 999.0,  2337.0,  1.0,  1.0,  1.0,  1.0,  1.0, 99.0
 364.0,  765.0,  11.2,   4.2,  61.9,   -4.3,   -7.5,   8.6,  29.8,   4.5,  -63.742, -29.905, 999.0, 999.0,  2391.0,  1.0,  1.0,  1.0,  1.0,  1.0, 99.0
 373.8,  760.0,  10.8,   4.0,  62.9,   -4.2,   -7.9,   8.9,  28.1,   5.0,  -63.742, -29.906, 999.0, 999.0,  2445.9,  1.0,  1.0,  1.0,  1.0,  1.0, 99.0
 384.3,  755.0,  10.3,   3.9,  64.4,   -4.5,   -8.4,   9.5,  28.2,   4.5,  -63.742, -29.906, 999.0, 999.0,  2501.1,  1.0,  1.0,  1.0,  1.0,  1.0, 99.0
 395.1,  750.0,   9.9,   3.9,  66.1,   -4.1,   -8.8,   9.7,  25.1,   6.2,  -63.743, -29.907, 999.0, 999.0,  2556.6,  1.0,  1.0,  1.0,  1.0,  1.0, 99.0
 404.0,  745.0,   9.5,   4.0,  68.3,   -4.0,   -8.3,   9.2,  25.7,   6.5,  -63.743, -29.908, 999.0, 999.0,  2612.0,  1.0,  1.0,  1.0,  1.0,  1.0, 99.0
 414.2,  740.0,   9.0,   4.1,  71.6,   -3.4,   -8.1,   8.8,  22.6,   5.7,  -63.744, -29.909, 999.0, 999.0,  2667.5,  1.0,  1.0,  1.0,  1.0,  1.0, 99.0
 424.9,  735.0,   8.5,   4.7,  77.3,   -3.4,   -7.8,   8.5,  23.4,   5.1,  -63.744, -29.909, 999.0, 999.0,  2724.3,  1.0,  1.0,  1.0,  1.0,  1.0, 99.0
 435.7,  730.0,   7.9,   4.9,  81.1,   -3.4,   -7.3,   8.1,  25.0,   5.0,  -63.744, -29.910, 999.0, 999.0,  2780.8,  1.0,  1.0,  1.0,  1.0,  1.0, 99.0
 446.4,  725.0,   7.5,   4.9,  83.7,   -3.8,   -6.3,   7.3,  31.2,   6.0,  -63.745, -29.911, 999.0, 999.0,  2837.2,  1.0,  1.0,  1.0,  1.0,  1.0, 99.0
 458.5,  720.0,   7.4,   5.3,  86.5,   -4.1,   -5.1,   6.5,  38.6,   4.5,  -63.745, -29.911, 999.0, 999.0,  2894.3,  1.0,  1.0,  1.0,  1.0,  1.0, 99.0
 468.5,  715.0,   7.0,   5.2,  88.2,   -4.8,   -4.6,   6.7,  45.9,   5.5,  -63.746, -29.912, 999.0, 999.0,  2952.0,  1.0,  1.0,  1.0,  1.0,  1.0, 99.0
 479.5,  710.0,   7.2,   4.1,  80.8,   -5.1,   -3.2,   6.0,  57.5,   6.0,  -63.746, -29.912, 999.0, 999.0,  3009.7,  1.0,  1.0,  1.0,  1.0,  1.0, 99.0
 490.9,  705.0,   6.7,   3.7,  81.2,   -5.8,   -2.8,   6.4,  64.2,   6.5,  -63.747, -29.912, 999.0, 999.0,  3067.9,  1.0,  1.0,  1.0,  1.0,  1.0, 99.0
 502.0,  700.0,   6.5,   1.5,  70.4,   -5.8,   -2.7,   6.4,  65.0,   6.5,  -63.748, -29.913, 999.0, 999.0,  3129.0,  1.0,  1.0,  1.0,  1.0,  1.0, 99.0
 513.0,  695.0,   6.1,   1.3,  71.7,   -6.3,   -3.8,   7.4,  58.9,   6.0,  -63.748, -29.913, 999.0, 999.0,  3185.8,  1.0,  1.0,  1.0,  1.0,  1.0, 99.0
 523.6,  690.0,   5.5,   1.0,  72.9,   -5.9,   -3.7,   7.0,  57.8,   5.5,  -63.749, -29.913, 999.0, 999.0,  3244.6,  1.0,  1.0,  1.0,  1.0,  1.0, 99.0
 535.1,  685.0,   5.1,   0.5,  72.2,   -5.8,   -3.8,   6.9,  57.3,   5.5,  -63.750, -29.914, 999.0, 999.0,  3304.1,  1.0,  1.0,  1.0,  1.0,  1.0, 99.0
 547.3,  680.0,   5.6,  -1.1,  62.1,   -4.8,   -3.3,   5.9,  55.3,   4.5,  -63.749, -29.914, 999.0, 999.0,  3363.6,  1.0,  1.0,  1.0,  1.0,  1.0, 99.0
 559.6,  675.0,   5.7,  -2.0,  57.5,   -3.3,   -3.8,   5.0,  40.7,   7.0,  -63.751, -29.915, 999.0, 999.0,  3424.5,  1.0,  1.0,  1.0,  1.0,  1.0, 99.0
 569.5,  670.0,   5.9,  -4.4,  47.6,   -1.3,   -4.4,   4.6,  16.0,   5.0,  -63.751, -29.915, 999.0, 999.0,  3484.5,  1.0,  1.0,  1.0,  1.0,  1.0, 99.0
 581.3,  665.0,   7.2, -14.4,  19.8,   -0.3,   -5.4,   5.4,   2.9,   4.5,  -63.751, -29.915, 999.0, 999.0,  3546.6,  1.0,  1.0,  1.0,  1.0,  1.0, 99.0
 593.1,  660.0,   7.4, -20.3,  11.9,    0.4,   -6.4,   6.4, 356.0,   4.5,  -63.752, -29.916, 999.0, 999.0,  3608.1,  1.0,  1.0,  1.0,  1.0,  1.0, 99.0
 605.0,  655.0,   7.1, -22.0,  10.6,    0.4,   -6.4,   6.4, 356.8,   4.5,  -63.751, -29.917, 999.0, 999.0,  3670.5,  1.0,  1.0,  1.0,  1.0,  1.0, 99.0
 616.5,  650.0,   6.6, -22.1,  10.8,    0.4,   -7.4,   7.4, 356.9,   5.0,  -63.751, -29.917, 999.0, 999.0,  3733.5,  1.0,  1.0,  1.0,  1.0,  1.0, 99.0
 629.1,  645.0,   6.1, -21.1,  12.1,    1.8,   -7.8,   8.0, 347.1,   4.5,  -63.751, -29.918, 999.0, 999.0,  3797.1,  1.0,  1.0,  1.0,  1.0,  1.0, 99.0
 642.3,  640.0,   5.8, -20.7,  12.9,    4.0,   -7.9,   8.9, 333.0,   5.0,  -63.751, -29.919, 999.0, 999.0,  3860.3,  1.0,  1.0,  1.0,  1.0,  1.0, 99.0
 654.1,  635.0,   5.4, -20.7,  13.3,    4.9,   -7.9,   9.3, 328.2,   5.3,  -63.750, -29.920, 999.0, 999.0,  3924.8,  1.0,  1.0,  1.0,  1.0,  1.0, 99.0
 667.1,  630.0,   4.8, -19.4,  15.4,    6.0,   -7.6,   9.7, 321.8,   5.7,  -63.749, -29.921, 999.0, 999.0,  3988.8,  1.0,  1.0,  1.0,  1.0,  1.0, 99.0
 680.3,  625.0,   4.2, -18.6,  17.2,    6.7,   -7.2,   9.8, 317.1,   5.3,  -63.748, -29.922, 999.0, 999.0,  4053.3,  1.0,  1.0,  1.0,  1.0,  1.0, 99.0
 692.7,  620.0,   3.6, -18.6,  17.9,    7.0,   -6.8,   9.8, 314.5,   6.0,  -63.747, -29.922, 999.0, 999.0,  4118.5,  1.0,  1.0,  1.0,  1.0,  1.0, 99.0
 704.7,  615.0,   3.0, -18.8,  18.5,    6.7,   -6.9,   9.6, 316.0,   5.5,  -63.747, -29.923, 999.0, 999.0,  4185.1,  1.0,  1.0,  1.0,  1.0,  1.0, 99.0
 716.8,  610.0,   2.5, -18.9,  18.9,    7.4,   -6.6,   9.9, 311.9,   6.5,  -63.746, -29.924, 999.0, 999.0,  4250.2,  1.0,  1.0,  1.0,  1.0,  1.0, 99.0
 730.0,  605.0,   1.8, -18.9,  19.8,    7.9,   -6.4,  10.2, 309.0,   2.5,  -63.745, -29.925, 999.0, 999.0,  4317.0,  2.0,  1.0,  1.0,  1.0,  1.0, 99.0
 744.0,  600.0,   1.2, -18.8,  20.9,    7.4,   -6.2,   9.7, 310.0,   5.0,  -63.744, -29.926, 999.0, 999.0,  4383.0,  1.0,  1.0,  1.0,  1.0,  1.0, 99.0
 756.8,  595.0,   0.6, -18.9,  21.8,    7.3,   -6.3,   9.6, 311.0,   7.0,  -63.743, -29.926, 999.0, 999.0,  4450.6,  1.0,  1.0,  1.0,  1.0,  1.0, 99.0
 769.5,  590.0,  -0.1, -18.5,  23.4,    7.0,   -6.5,   9.5, 313.0,   5.3,  -63.742, -29.927, 999.0, 999.0,  4518.7,  1.0,  1.0,  1.0,  1.0,  1.0, 99.0
 781.3,  585.0,  -0.7, -18.4,  24.8,    7.7,   -6.0,   9.7, 307.9,   5.9,  -63.741, -29.928, 999.0, 999.0,  4585.9,  1.0,  1.0,  1.0,  1.0,  1.0, 99.0
 792.3,  580.0,  -1.3, -18.1,  26.6,    8.5,   -6.0,  10.4, 305.1,   5.5,  -63.740, -29.928, 999.0, 999.0,  4654.4,  1.0,  1.0,  1.0,  1.0,  1.0, 99.0
 804.6,  575.0,  -1.9, -18.0,  28.2,    9.8,   -5.8,  11.4, 300.5,   6.5,  -63.739, -29.929, 999.0, 999.0,  4723.9,  1.0,  1.0,  1.0,  1.0,  1.0, 99.0
 818.4,  570.0,  -2.4, -17.6,  30.2,   10.8,   -6.0,  12.4, 299.1,   4.0,  -63.737, -29.930, 999.0, 999.0,  4792.6,  1.0,  1.0,  1.0,  1.0,  1.0, 99.0
 832.3,  565.0,  -3.0, -17.6,  31.6,   11.3,   -6.6,  13.1, 300.3,   5.5,  -63.736, -29.930, 999.0, 999.0,  4863.4,  1.0,  1.0,  1.0,  1.0,  1.0, 99.0
 846.0,  560.0,  -3.6, -17.6,  33.0,   12.6,   -6.7,  14.3, 298.0,   4.0,  -63.734, -29.931, 999.0, 999.0,  4932.0,  1.0,  1.0,  1.0,  1.0,  1.0, 99.0
 861.4,  555.0,  -4.3, -17.4,  35.1,   13.3,   -7.1,  15.0, 298.1,   4.5,  -63.732, -29.932, 999.0, 999.0,  5003.4,  1.0,  1.0,  1.0,  1.0,  1.0, 99.0
 876.0,  550.0,  -4.9, -17.0,  38.3,   13.2,   -7.0,  14.9, 297.9,   3.5,  -63.730, -29.933, 999.0, 999.0,  5075.0,  1.0,  1.0,  1.0,  1.0,  1.0, 99.0
 888.3,  545.0,  -5.6, -16.9,  40.5,   13.5,   -6.9,  15.2, 297.1,   5.5,  -63.728, -29.934, 999.0, 999.0,  5147.4,  1.0,  1.0,  1.0,  1.0,  1.0, 99.0
 903.1,  540.0,  -6.2, -16.5,  43.8,   14.1,   -6.9,  15.6, 296.0,   5.5,  -63.726, -29.935, 999.0, 999.0,  5218.3,  1.0,  1.0,  1.0,  1.0,  1.0, 99.0
 917.8,  535.0,  -6.9, -15.6,  49.7,   14.8,   -7.2,  16.5, 295.9,   7.5,  -63.724, -29.936, 999.0, 999.0,  5291.5,  1.0,  1.0,  1.0,  1.0,  1.0, 99.0
 930.8,  530.0,  -7.5, -15.6,  52.3,   15.9,   -6.0,  17.0, 290.6,   4.5,  -63.722, -29.937, 999.0, 999.0,  5364.6,  1.0,  1.0,  1.0,  1.0,  1.0, 99.0
 945.0,  525.0,  -8.3, -15.2,  57.5,   16.1,   -5.2,  16.9, 287.9,   6.0,  -63.720, -29.937, 999.0, 999.0,  5438.0,  1.0,  1.0,  1.0,  1.0,  1.0, 99.0
 958.3,  520.0,  -9.0, -15.3,  60.2,   16.0,   -4.9,  16.7, 287.0,   5.5,  -63.717, -29.938, 999.0, 999.0,  5512.6,  1.0,  1.0,  1.0,  1.0,  1.0, 99.0
 973.0,  515.0,  -9.6, -15.4,  63.0,   14.9,   -4.6,  15.5, 287.0,   4.5,  -63.715, -29.939, 999.0, 999.0,  5587.5,  1.0,  1.0,  1.0,  1.0,  1.0, 99.0
 986.3,  510.0, -10.4, -15.3,  67.1,   15.4,   -4.7,  16.1, 287.1,   4.5,  -63.713, -29.939, 999.0, 999.0,  5662.5,  1.0,  1.0,  1.0,  1.0,  1.0, 99.0
1001.8,  505.0, -11.0, -16.1,  66.0,   16.9,   -5.2,  17.7, 287.2,   6.5,  -63.710, -29.940, 999.0, 999.0,  5738.4,  1.0,  1.0,  1.0,  1.0,  1.0, 99.0
1015.6,  500.0, -11.7, -16.4,  68.0,   17.2,   -4.5,  17.8, 284.6,   3.8,  -63.708, -29.940, 999.0, 999.0,  5814.0,  1.0,  1.0,  1.0,  1.0,  1.0, 99.0
1031.1,  495.0, -12.5, -16.8,  70.1,   18.0,   -3.5,  18.4, 281.0,   5.5,  -63.705, -29.941, 999.0, 999.0,  5891.3,  1.0,  1.0,  1.0,  1.0,  1.0, 99.0
1046.3,  490.0, -13.0, -18.6,  62.9,   19.2,   -4.4,  19.7, 282.9,   5.0,  -63.702, -29.941, 999.0, 999.0,  5969.4,  1.0,  1.0,  1.0,  1.0,  1.0, 99.0
1062.3,  485.0, -13.4, -21.0,  52.9,   20.3,   -5.5,  21.0, 285.1,   4.8,  -63.699, -29.942, 999.0, 999.0,  6046.9,  1.0,  1.0,  1.0,  1.0,  1.0, 99.0
1078.3,  480.0, -13.4, -23.9,  41.0,   21.7,   -6.2,  22.6, 285.9,   5.2,  -63.695, -29.943, 999.0, 999.0,  6126.6,  1.0,  1.0,  1.0,  1.0,  1.0, 99.0
1096.0,  475.0, -13.3, -29.9,  23.5,   23.2,   -7.1,  24.3, 287.0,   4.5,  -63.691, -29.944, 999.0, 999.0,  6205.0,  1.0,  1.0,  1.0,  1.0,  1.0, 99.0
1114.3,  470.0, -13.4, -35.9,  13.2,   23.4,   -8.1,  24.8, 289.1,   6.0,  -63.687, -29.945, 999.0, 999.0,  6285.7,  1.0,  1.0,  1.0,  1.0,  1.0, 99.0
1131.6,  465.0, -13.9, -40.7,   8.4,   23.0,   -7.9,  24.3, 288.9,   4.0,  -63.682, -29.947, 999.0, 999.0,  6367.4,  1.0,  1.0,  1.0,  1.0,  1.0, 99.0
1150.0,  460.0, -14.4, -43.0,   6.9,   22.6,   -6.1,  23.4, 285.1,   6.0,  -63.678, -29.948, 999.0, 999.0,  6450.0,  1.0,  1.0,  1.0,  1.0,  1.0, 99.0
1168.3,  455.0, -15.0, -43.4,   6.9,   23.2,   -5.4,  23.8, 283.1,   4.5,  -63.674, -29.949, 999.0, 999.0,  6531.5,  1.0,  1.0,  1.0,  1.0,  1.0, 99.0
1187.0,  450.0, -15.6, -44.0,   6.8,   23.6,   -5.0,  24.1, 282.0,   3.5,  -63.669, -29.950, 999.0, 999.0,  6614.5,  1.0,  1.0,  1.0,  1.0,  1.0, 99.0
1205.2,  445.0, -16.4, -43.7,   7.5,   23.7,   -5.0,  24.2, 281.9,   5.7,  -63.664, -29.951, 999.0, 999.0,  6699.8,  1.0,  1.0,  1.0,  1.0,  1.0, 99.0
1221.6,  440.0, -17.3, -43.3,   8.5,   24.3,   -5.2,  24.9, 282.1,   8.0,  -63.660, -29.951, 999.0, 999.0,  6784.4,  1.0,  1.0,  1.0,  1.0,  1.0, 99.0
1238.2,  435.0, -17.9, -43.4,   8.8,   25.9,   -5.5,  26.5, 282.0,   8.0,  -63.656, -29.952, 999.0, 999.0,  6870.6,  1.0,  1.0,  1.0,  1.0,  1.0, 99.0
1256.8,  430.0, -18.5, -44.9,   7.9,   26.8,   -4.3,  27.2, 279.0,   4.0,  -63.651, -29.953, 999.0, 999.0,  6955.2,  1.0,  1.0,  1.0,  1.0,  1.0, 99.0
1275.5,  425.0, -19.1, -47.2,   6.5,   25.3,   -3.1,  25.5, 277.0,   4.0,  -63.646, -29.953, 999.0, 999.0,  7043.0,  1.0,  1.0,  1.0,  1.0,  1.0, 99.0
1294.6,  420.0, -19.7, -49.7,   5.1,   24.2,   -1.7,  24.2, 274.0,   5.5,  -63.641, -29.954, 999.0, 999.0,  7131.1,  1.0,  1.0,  1.0,  1.0,  1.0, 99.0
1312.5,  415.0, -20.1, -51.7,   4.2,   24.4,   -0.4,  24.4, 270.9,   3.5,  -63.637, -29.954, 999.0, 999.0,  7219.8,  1.0,  1.0,  1.0,  1.0,  1.0, 99.0
1333.5,  410.0, -20.3, -55.1,   2.8,   25.3,    0.0,  25.3, 270.0,   4.5,  -63.631, -29.954, 999.0, 999.0,  7309.8,  1.0,  1.0,  1.0,  1.0,  1.0, 99.0
1354.8,  405.0, -20.8, -55.6,   2.8,   25.8,    0.2,  25.8, 269.6,   4.5,  -63.626, -29.954, 999.0, 999.0,  7399.6,  1.0,  1.0,  1.0,  1.0,  1.0, 99.0
1373.4,  400.0, -21.6, -55.3,   3.1,   26.2,    1.4,  26.2, 266.9,   5.9,  -63.621, -29.954, 999.0, 999.0,  7491.9,  1.0,  1.0,  1.0,  1.0,  1.0, 99.0
1393.5,  395.0, -22.1, -54.6,   3.5,   26.0,    1.4,  26.0, 266.9,   4.0,  -63.615, -29.954, 999.0, 999.0,  7584.0,  1.0,  1.0,  1.0,  1.0,  1.0, 99.0
1414.8,  390.0, -22.7, -55.3,   3.4,   25.9,    0.9,  25.9, 268.0,   4.5,  -63.610, -29.953, 999.0, 999.0,  7677.6,  1.0,  1.0,  1.0,  1.0,  1.0, 99.0
1435.6,  385.0, -23.5, -57.1,   2.9,   27.0,    0.0,  27.0, 270.0,   5.0,  -63.604, -29.953, 999.0, 999.0,  7772.0,  1.0,  1.0,  1.0,  1.0,  1.0, 99.0
1453.6,  380.0, -24.3, -57.0,   3.2,   27.3,    0.4,  27.3, 269.2,   4.5,  -63.599, -29.953, 999.0, 999.0,  7868.2,  1.0,  1.0,  1.0,  1.0,  1.0, 99.0
1475.0,  375.0, -24.9, -56.8,   3.5,   26.9,    0.0,  26.9, 270.0,   5.5,  -63.593, -29.953, 999.0, 999.0,  7964.5,  1.0,  1.0,  1.0,  1.0,  1.0, 99.0
1496.0,  370.0, -25.5, -58.9,   2.8,   28.0,   -0.5,  28.0, 271.0,   4.5,  -63.587, -29.953, 999.0, 999.0,  8061.0,  1.0,  1.0,  1.0,  1.0,  1.0, 99.0
1520.4,  365.0, -26.0, -60.6,   2.4,   28.8,   -1.0,  28.8, 272.0,   4.0,  -63.580, -29.953, 999.0, 999.0,  8160.6,  1.0,  1.0,  1.0,  1.0,  1.0, 99.0
1545.0,  360.0, -26.7, -61.6,   2.2,   29.6,   -1.5,  29.6, 272.9,   4.0,  -63.572, -29.954, 999.0, 999.0,  8260.0,  1.0,  1.0,  1.0,  1.0,  1.0, 99.0
1570.5,  355.0, -27.3, -60.1,   2.9,   30.2,   -1.1,  30.2, 272.1,   4.5,  -63.564, -29.954, 999.0, 999.0,  8360.3,  1.0,  1.0,  1.0,  1.0,  1.0, 99.0
1593.6,  350.0, -28.1, -59.6,   3.3,   30.4,   -0.5,  30.4, 270.9,   6.0,  -63.557, -29.954, 999.0, 999.0,  8462.6,  1.0,  1.0,  1.0,  1.0,  1.0, 99.0
1617.0,  345.0, -29.0, -60.4,   3.2,   31.5,   -1.1,  31.5, 272.0,   5.0,  -63.549, -29.954, 999.0, 999.0,  8565.0,  1.0,  1.0,  1.0,  1.0,  1.0, 99.0
1642.0,  340.0, -29.9, -61.1,   3.2,   31.3,   -1.6,  31.3, 272.9,   4.5,  -63.541, -29.954, 999.0, 999.0,  8668.0,  1.0,  1.0,  1.0,  1.0,  1.0, 99.0
1668.0,  335.0, -30.6, -61.6,   3.2,   31.2,   -2.7,  31.3, 274.9,   4.5,  -63.533, -29.955, 999.0, 999.0,  8775.0,  1.0,  1.0,  1.0,  1.0,  1.0, 99.0
1694.0,  330.0, -31.3, -62.1,   3.2,   31.3,   -2.2,  31.4, 274.0,   4.0,  -63.524, -29.956, 999.0, 999.0,  8882.0,  1.0,  1.0,  1.0,  1.0,  1.0, 99.0
1715.0,  325.0, -32.2, -62.7,   3.2,   31.3,   -1.1,  31.3, 272.0,   4.0,  -63.518, -29.956, 999.0, 999.0,  8989.0,  1.0,  1.0,  1.0,  1.0,  1.0, 99.0
1739.6,  320.0, -33.0, -62.6,   3.5,   31.9,   -1.1,  31.9, 272.0,   5.0,  -63.509, -29.956, 999.0, 999.0,  9098.0,  1.0,  1.0,  1.0,  1.0,  1.0, 99.0
1764.7,  315.0, -33.9, -62.1,   4.1,   33.3,   -1.7,  33.4, 272.9,   4.0,  -63.501, -29.956, 999.0, 999.0,  9208.7,  1.0,  1.0,  1.0,  1.0,  1.0, 99.0
1789.0,  310.0, -34.9, -61.6,   4.9,   33.5,   -2.3,  33.6, 273.9,   5.0,  -63.493, -29.957, 999.0, 999.0,  9320.0,  1.0,  1.0,  1.0,  1.0,  1.0, 99.0
1813.0,  305.0, -35.8, -63.5,   4.2,   33.7,   -2.4,  33.8, 274.1,   4.5,  -63.485, -29.957, 999.0, 999.0,  9433.5,  1.0,  1.0,  1.0,  1.0,  1.0, 99.0
1837.8,  300.0, -36.7, -64.9,   3.8,   34.3,   -3.0,  34.5, 275.0,   5.5,  -63.476, -29.958, 999.0, 999.0,  9547.8,  1.0,  1.0,  1.0,  1.0,  1.0, 99.0
1857.5,  295.0, -37.7, -64.6,   4.3,   34.9,   -2.4,  35.0, 273.9,   4.0,  -63.468, -29.958, 999.0, 999.0,  9664.0,  1.0,  1.0,  1.0,  1.0,  1.0, 99.0
1882.7,  290.0, -38.7, -61.6,   7.1,   34.0,   -2.4,  34.1, 274.0,   4.5,  -63.460, -29.959, 999.0, 999.0,  9781.0,  1.0,  1.0,  1.0,  1.0,  1.0, 99.0
1907.5,  285.0, -39.5, -61.6,   7.7,   35.1,   -2.5,  35.2, 274.0,   5.0,  -63.450, -29.959, 999.0, 999.0,  9900.5,  1.0,  1.0,  1.0,  1.0,  1.0, 99.0
1930.5,  280.0, -40.4, -61.3,   8.8,   37.1,   -2.6,  37.2, 274.0,   4.5,  -63.442, -29.960, 999.0, 999.0, 10022.3,  1.0,  1.0,  1.0,  1.0,  1.0, 99.0
1956.0,  275.0, -41.5, -61.4,   9.8,   38.0,   -2.7,  38.1, 274.1,   5.5,  -63.432, -29.961, 999.0, 999.0, 10144.0,  1.0,  1.0,  1.0,  1.0,  1.0, 99.0
1982.7,  270.0, -42.6, -61.6,  10.7,   38.2,   -2.0,  38.3, 273.0,   4.5,  -63.422, -29.961, 999.0, 999.0, 10268.0,  1.0,  1.0,  1.0,  1.0,  1.0, 99.0
2010.0,  265.0, -43.5, -61.8,  11.5,   38.3,   -1.3,  38.3, 271.9,   4.5,  -63.410, -29.962, 999.0, 999.0, 10393.0,  1.0,  1.0,  1.0,  1.0,  1.0, 99.0
2037.5,  260.0, -44.4, -62.7,  11.1,   38.4,   -2.0,  38.4, 273.0,   4.5,  -63.399, -29.962, 999.0, 999.0, 10521.8,  1.0,  1.0,  1.0,  1.0,  1.0, 99.0
2064.0,  255.0, -45.0, -63.9,  10.2,   39.4,   -3.5,  39.6, 275.1,   6.0,  -63.389, -29.962, 999.0, 999.0, 10653.0,  1.0,  1.0,  1.0,  1.0,  1.0, 99.0
2092.0,  250.0, -45.9, -64.2,  10.9,   40.1,   -4.2,  40.3, 276.0,   5.3,  -63.377, -29.964, 999.0, 999.0, 10783.5,  1.0,  1.0,  1.0,  1.0,  1.0, 99.0
2120.0,  245.0, -46.6, -64.5,  11.3,   41.4,   -5.1,  41.7, 277.0,   4.5,  -63.365, -29.965, 999.0, 999.0, 10918.0,  1.0,  1.0,  1.0,  1.0,  1.0, 99.0
2148.0,  240.0, -46.3, -66.6,   8.2,   41.6,   -6.6,  42.1, 279.0,   5.0,  -63.353, -29.966, 999.0, 999.0, 11056.0,  1.0,  1.0,  1.0,  1.0,  1.0, 99.0
2175.5,  235.0, -47.0, -69.5,   5.9,   42.1,   -6.7,  42.6, 279.0,   6.0,  -63.341, -29.968, 999.0, 999.0, 11194.0,  1.0,  1.0,  1.0,  1.0,  1.0, 99.0
2204.0,  230.0, -48.3, -71.3,   5.3,   42.8,   -6.0,  43.2, 278.0,   5.0,  -63.329, -29.970, 999.0, 999.0, 11337.0,  1.0,  1.0,  1.0,  1.0,  1.0, 99.0
2232.0,  225.0, -49.5, -72.3,   5.2,   44.1,   -6.2,  44.5, 278.0,   5.0,  -63.316, -29.971, 999.0, 999.0, 11481.0,  1.0,  1.0,  1.0,  1.0,  1.0, 99.0
2260.7,  220.0, -50.4, -72.7,   5.5,   45.3,   -7.2,  45.9, 279.0,   4.5,  -63.303, -29.973, 999.0, 999.0, 11628.0,  1.0,  1.0,  1.0,  1.0,  1.0, 99.0
2290.7,  215.0, -51.4, -73.3,   5.6,   47.3,   -6.7,  47.8, 278.1,   5.0,  -63.289, -29.975, 999.0, 999.0, 11775.3,  1.0,  1.0,  1.0,  1.0,  1.0, 99.0
2322.0,  210.0, -52.3, -73.8,   5.8,   49.0,   -6.0,  49.4, 277.0,   5.0,  -63.273, -29.977, 999.0, 999.0, 11929.0,  1.0,  1.0,  1.0,  1.0,  1.0, 99.0
2352.7,  205.0, -53.1, -74.1,   6.1,   49.5,   -4.6,  49.7, 275.3,   6.0,  -63.258, -29.978, 999.0, 999.0, 12084.0,  1.0,  1.0,  1.0,  1.0,  1.0, 99.0
2380.6,  200.0, -53.3, -73.9,   6.4,   50.4,   -6.2,  50.8, 277.0,   5.7,  -63.243, -29.979, 999.0, 999.0, 12243.4,  1.0,  1.0,  1.0,  1.0,  1.0, 99.0
2409.0,  195.0, -53.7, -75.5,   5.3,   50.7,   -5.3,  50.9, 276.0,   5.5,  -63.229, -29.981, 999.0, 999.0, 12407.5,  1.0,  1.0,  1.0,  1.0,  1.0, 99.0
2436.0,  190.0, -54.4, -76.9,   4.6,   51.4,   -7.2,  51.9, 278.0,   4.5,  -63.214, -29.983, 999.0, 999.0, 12572.0,  1.0,  1.0,  1.0,  1.0,  1.0, 99.0
2475.0,  185.0, -55.3, -78.2,   4.2,   52.0,   -6.0,  52.3, 276.5,   4.5,  -63.192, -29.985, 999.0, 999.0, 12743.5,  1.0,  1.0,  1.0,  1.0,  1.0, 99.0
2514.7,  180.0, -56.1, -79.4,   3.9,   51.0,   -4.5,  51.2, 275.0,   4.5,  -63.172, -29.987, 999.0, 999.0, 12918.0,  1.0,  1.0,  1.0,  1.0,  1.0, 99.0
2554.0,  175.0, -56.8, -80.5,   3.5,   52.2,   -5.5,  52.5, 276.0,   4.5,  -63.150, -29.988, 999.0, 999.0, 13097.0,  1.0,  1.0,  1.0,  1.0,  1.0, 99.0
2591.3,  170.0, -58.1, -82.1,   3.2,   52.7,   -3.7,  52.8, 274.0,   5.0,  -63.130, -29.990, 999.0, 999.0, 13278.7,  1.0,  1.0,  1.0,  1.0,  1.0, 99.0
2628.5,  165.0, -59.0, -83.1,   3.0,   51.3,   -2.7,  51.3, 273.0,   6.0,  -63.110, -29.991, 999.0, 999.0, 13467.0,  1.0,  1.0,  1.0,  1.0,  1.0, 99.0
2662.7,  160.0, -59.1, -83.7,   2.8,   49.4,   -4.0,  49.6, 274.7,   5.5,  -63.092, -29.992, 999.0, 999.0, 13660.7,  1.0,  1.0,  1.0,  1.0,  1.0, 99.0
2698.0,  155.0, -59.4, -84.7,   2.4,   49.6,   -1.7,  49.6, 272.0,   4.5,  -63.074, -29.993, 999.0, 999.0, 13860.0,  1.0,  1.0,  1.0,  1.0,  1.0, 99.0
2734.0,  150.0, -60.2, -86.7,   1.9,   47.3,   -0.8,  47.3, 271.0,   6.0,  -63.056, -29.993, 999.0, 999.0, 14064.0,  1.0,  1.0,  1.0,  1.0,  1.0, 99.0
2774.0,  145.0, -60.1, -87.2,   1.7,   43.6,   -8.5,  44.4, 281.0,   5.5,  -63.038, -29.994, 999.0, 999.0, 14276.0,  1.0,  1.0,  1.0,  1.0,  1.0, 99.0
2813.3,  140.0, -60.9, -89.6,   1.2,   46.6,  -11.6,  48.0, 284.0,   6.2,  -63.019, -29.998, 999.0, 999.0, 14494.4,  1.0,  1.0,  1.0,  1.0,  1.0, 99.0
2851.0,  135.0, -62.3, -91.3,   1.1,   48.1,   -7.2,  48.6, 278.5,   5.0,  -63.001, -30.002, 999.0, 999.0, 14720.0,  1.0,  1.0,  1.0,  1.0,  1.0, 99.0
2893.5,  130.0, -63.5, -92.1,   1.1,   46.3,    0.0,  46.3, 270.0,   8.0,  -62.980, -30.003, 999.0, 999.0, 14952.0,  1.0,  1.0,  1.0,  1.0,  1.0, 99.0
2926.6,  125.0, -63.9, -92.4,   1.1,   39.2,    4.1,  39.4, 264.0,   8.4,  -62.965, -30.002, 999.0, 999.0, 15192.8,  1.0,  1.0,  1.0,  1.0,  1.0, 99.0
2965.0,  120.0, -65.6, -93.5,   1.1,   34.6,    4.3,  34.9, 263.0,   5.5,  -62.951, -30.001, 999.0, 999.0, 15439.5,  1.0,  1.0,  1.0,  1.0,  1.0, 99.0
3010.0,  115.0, -66.7, -93.9,   1.2,   31.6,    1.1,  31.6, 268.0,   5.5,  -62.935, -30.000, 999.0, 999.0, 15700.0,  1.0,  1.0,  1.0,  1.0,  1.0, 99.0
3061.0,  110.0, -68.5, -95.6,   1.1,   29.5,   -0.5,  29.5, 271.0,   5.5,  -62.919, -30.000, 999.0, 999.0, 15965.5,  1.0,  1.0,  1.0,  1.0,  1.0, 99.0
3114.0,  105.0, -70.4, -97.0,   1.1,   30.1,    0.5,  30.1, 269.0,   5.5,  -62.903, -30.000, 999.0, 999.0, 16244.0,  1.0,  1.0,  1.0,  1.0,  1.0, 99.0
3169.0,  100.0, -71.9, -97.6,   1.2,   26.0,    0.9,  26.0, 268.0,   3.0,  -62.887, -29.999, 999.0, 999.0, 16532.0,  2.0,  1.0,  1.0,  1.0,  1.0, 99.0
3223.0,   95.0, -73.8, -99.0,   1.2,   24.5,   -5.6,  25.1, 282.9,   7.5,  -62.873, -30.000, 999.0, 999.0, 16833.5,  1.0,  1.0,  1.0,  1.0,  1.0, 99.0
3265.0,   90.0, -76.0, -99.9,   1.2,   24.6,   -8.0,  25.9, 288.0,   6.7,  -62.863, -30.003, 999.0, 999.0, 17145.7,  1.0,  1.0,  2.0,  1.0,  1.0, 99.0
3320.0,   85.0, -78.0, -99.9,   1.2,   26.0,  -11.6,  28.5, 294.0,   6.5,  -62.848, -30.007, 999.0, 999.0, 17473.0,  1.0,  1.0,  2.0,  1.0,  1.0, 99.0
3383.0,   80.0, -75.7, -99.9,   1.2,   26.8,   -1.2,  26.8, 272.5,   6.0,  -62.829, -30.012, 999.0, 999.0, 17821.0,  1.0,  1.0,  2.0,  1.0,  1.0, 99.0
3451.0,   75.0, -73.8, -99.2,   1.2,   14.6,    7.1,  16.2, 244.0,   5.0,  -62.815, -30.009, 999.0, 999.0, 18193.0,  1.0,  1.0,  1.0,  1.0,  1.0, 99.0
3530.0,   70.0, -69.4, -93.2,   2.0,    8.7,    0.8,   8.7, 264.7,   4.5,  -62.806, -30.007, 999.0, 999.0, 18605.0,  1.0,  1.0,  1.0,  1.0,  1.0, 99.0
3614.0,   65.0, -67.0, -92.0,   1.8,    0.7,    6.6,   6.6, 186.1,   6.0,  -62.802, -30.004, 999.0, 999.0, 19052.0,  1.0,  1.0,  1.0,  1.0,  1.0, 99.0
3704.0,   60.0, -65.7, -93.6,   1.1,    1.5,    3.9,   4.2, 201.0,   6.0,  -62.801, -30.001, 999.0, 999.0, 19538.0,  1.0,  1.0,  1.0,  1.0,  1.0, 99.0
3800.0,   55.0, -63.1, -91.8,   1.1,   -2.5,    1.5,   2.9, 121.0,   5.0,  -62.800, -29.996, 999.0, 999.0, 20069.0,  1.0,  1.0,  1.0,  1.0,  1.0, 99.0
3902.0,   50.0, -62.3, -91.2,   1.1,    0.0,    4.5,   4.5, 180.0,   6.0,  -62.800, -30.000, 999.0, 999.0, 20651.0,  2.0,  1.0,  1.0,  1.0,  1.0, 99.0
